frame,frame,y,x,mass,size,ecc,signal,raw_mass,ep,particle,user_rad
0,0,178.28860489882854,37.71139510117146,1125.102605369107,1.3899073298304845,0.15097046862864566,143.78308055835237,2550.0,0.0,1,6
0,0,180.0,176.22391304347826,1653.505426421052,1.6041160823946319,0.0053925455965929394,142.58488822036608,4845.0,0.0,2,6
0,0,181.30438344940598,16.676771814829987,1462.3937485122422,1.6103414260330626,0.11181972910046807,140.18850354439354,4080.0,0.0,3,6
0,0,186.7325199436884,198.0286250586579,1276.6739361243704,1.7584014326400705,0.38536261079051826,116.22465678466816,3315.0,0.0,4,6
0,0,188.91640673736742,150.79600748596383,960.3511588959951,1.3841180972190497,0.17694902293908044,131.20206100949653,2295.0,0.0,5,6
0,0,189.2520226537217,306.4437702265372,1480.9657297510294,1.575756868535836,0.06931255409838584,143.1839843893592,4080.0,0.0,6,6
0,0,196.26349390597795,43.788740568775395,1032.2426991751713,1.357253038174665,0.1452549414783695,138.39121503741413,2550.0,0.0,7,6
0,0,176.16853526220615,295.8285714285714,1656.5009072660177,1.606721865696441,0.13001220200652877,142.58488822036608,4845.0,0.0,10,6
0,0,211.58027079303676,270.8889748549323,1548.6635968472535,1.5862074765324208,0.21878427302198622,143.78308055835237,4335.0,0.0,11,6
0,0,220.82748091603054,135.17251908396946,1177.22397207151,1.3591645390734741,0.1484523485376135,152.17042692425625,2805.0,0.0,12,6
0,0,223.56007393715342,9.49029574861368,1296.4441097011438,1.5413283754000342,0.2146319699527301,138.39121503741413,3825.0,0.0,13,6
0,0,237.34276561665777,97.04004271222638,1122.1071245241415,1.3741958770844263,0.056253508921434464,150.37313841727683,2805.0,0.0,14,6
0,0,245.33895705521473,87.08282208588957,1171.8321065505718,1.3903332639576296,0.060734150231141044,150.37313841727683,2805.0,0.0,15,6
0,0,247.50087489063867,109.71828521434821,1369.5338423183061,1.5089409819933672,0.09386495894679013,147.37765757231116,3570.0,0.0,16,6
0,0,255.1916252661462,137.88928317955998,844.126502111327,1.3256223681280714,0.16066509844260932,127.60748399553772,2040.0,0.0,17,6
0,0,259.3703520079326,278.1963311849281,1208.3769728591528,1.4259094115599387,0.04897146914204009,144.3821767273455,3315.0,0.0,18,6
0,0,273.67477203647417,206.08380373425967,1379.7184771911895,1.6290885970287714,0.17568635511633612,113.82827210869561,5865.0,0.0,19,6
0,0,287.10987703292346,119.88575961919874,1510.3214420316929,1.7674163099096682,0.30111959945708644,121.01742613661324,4335.0,0.0,20,6
0,0,172.04128053917438,25.850463352990733,1422.254305189702,1.5907006504661487,0.21494422298293078,143.1839843893592,3825.0,0.0,22,6
0,0,210.07029126213592,135.29902912621358,1542.6726351573222,1.578619281192098,0.08037817701195032,144.3821767273455,4590.0,0.0,23,6
0,0,168.33555093555094,114.26361746361746,1440.8262864284893,1.5258002910166613,0.06263997636637961,147.9767537413043,3825.0,0.0,25,6
0,0,11.0,302.5,781.2214043670477,1.3384360436512406,0.15067264560477783,113.22917593970249,1530.0,0.0,26,6
0,0,14.384333486028401,271.3843334860284,1307.8269369120133,1.468870760184055,0.17824474651834082,149.17494607929058,3315.0,0.0,27,6
0,0,42.1110251450677,195.58027079303676,1548.6635968472535,1.5862074765324208,0.03960929566410872,143.78308055835237,4335.0,0.0,28,6
0,0,48.90277777777778,65.76736111111111,690.1587866800913,1.2997061633735185,0.26723831778162743,113.22917593970249,1530.0,0.0,30,6
0,0,49.0,181.0,1044.2246225550339,1.2710646239494987,0.17137096762676676,152.76952309324938,2295.0,0.0,31,6
0,0,68.53878231859883,128.86155129274394,1436.6326132455372,1.5215987378190228,0.14463398337951955,147.9767537413043,3825.0,0.0,32,6
0,0,78.68949579831933,304.5584033613445,1425.8488822036609,1.5618885358178822,0.18218794528796894,145.58036906533175,3825.0,0.0,33,6
0,0,87.72433352240499,222.23823028927964,1056.2065459348967,1.3702122337482356,0.14566482280852894,138.39121503741413,2550.0,0.0,34,6
0,0,65.17251908396946,155.17251908396946,1177.22397207151,1.3591645390734741,0.14845234853761347,152.17042692425625,2805.0,0.0,35,6
0,0,146.0,75.0,1044.2246225550339,1.2710646239494987,0.17137096762676676,152.76952309324938,2295.0,0.0,36,6
0,0,111.93584905660377,220.84603773584905,793.8024239159037,1.5064640594000744,0.26524263318772384,107.83731041876426,2040.0,0.0,37,6
0,0,122.65338427947599,188.89082969432314,1097.544181595423,1.3712981132065496,0.05247772596904374,140.18850354439354,2805.0,0.0,38,6
0,0,132.18404478656404,33.18544436668999,856.1084254911897,1.6482066085575109,0.19877850716417028,92.26081002494276,2295.0,0.0,40,6
0,0,138.58147429679923,82.23908826382153,1235.336300463844,1.4444112839918508,0.13387182390182978,148.57584991029742,3060.0,0.0,41,6
0,0,138.88558139534885,151.94697674418606,1288.0567633352398,1.4386686351833995,0.1782779798811004,146.77856140331804,3570.0,0.0,42,6
0,0,142.8950508950509,223.93681993681994,1706.824985461441,1.6249848124138393,0.13969042205218896,140.78759971338667,5100.0,0.0,43,6
0,0,97.85321100917432,246.44495412844037,1306.0296484050339,1.4670697249898013,0.2431685736986392,149.17494607929058,3315.0,0.0,44,6
0,0,157.17251908396946,53.82748091603054,1177.22397207151,1.3591645390734741,0.14845234853761347,152.17042692425625,2805.0,0.0,45,6
1,1,198.39111434814276,44.92352512745812,825.2110781552844,1.3924152045875169,0.18335158796936754,117.80143577453441,1785.0,0.0,7,6
1,1,189.8712265953382,306.2888803974016,1572.8895786834519,1.5824070992452255,0.06593743229025255,144.2466560504503,4590.0,0.0,6,6
1,1,179.501593625498,176.0,1508.5796111942927,1.5618713874950452,0.16956329943998089,146.04973925108092,4080.0,0.0,2,6
1,1,186.68126825198163,197.79390905298288,1440.6634773038725,1.6751141780149594,0.25035570334286705,132.22610137957943,3825.0,0.0,4,6
1,1,181.99649122807017,17.371491228070177,1370.343232479278,1.5583673417810784,0.1955473410813321,138.23637871501487,3570.0,0.0,3,6
1,1,209.33828461907044,270.6655486344034,1254.344879905374,1.450674380129253,0.12524041686592607,141.24151738273258,4080.0,0.0,11,6
1,1,188.9714452214452,151.4597902097902,1031.3635907607197,1.4220212804823007,0.34202654609923505,136.43329551438424,2550.0,0.0,5,6
1,1,210.0,136.50160256410257,1500.1652229246831,1.5622756249155039,0.042768411693536595,145.4487115175374,4080.0,0.0,23,6
1,1,220.71176470588236,134.28823529411764,1123.9218617264253,1.3901871531760086,0.15117295844389894,143.64562831690677,2550.0,0.0,12,6
1,1,223.50581395348837,11.267441860465116,1343.898012203362,1.5394339502878154,0.18573726876395394,141.24151738273258,4080.0,0.0,13,6
1,1,236.81075268817204,98.0,1117.91158439099,1.3226724332167046,0.05806853578936539,153.26207205360345,2550.0,0.0,14,6
1,1,243.41751824817518,86.23941605839416,1235.1119924319808,1.4441761557567856,0.13435421021236302,148.4538501852551,3060.0,0.0,15,6
1,1,245.57070707070707,109.35050505050505,1190.034912416215,1.4498345429807507,0.08171143158352512,141.84254511627614,2805.0,0.0,16,6
1,1,253.29145728643215,136.80820770519264,717.6271138509902,1.74577738943639,0.4409668651361586,70.92127255813807,1785.0,0.0,17,6
1,1,259.43549747048905,278.0261382799325,1425.637783965284,1.531980609161403,0.20907613146659884,146.04973925108092,4080.0,0.0,18,6
1,1,276.5444657709533,202.74088291746642,939.4063475285576,1.6099101281131838,0.4337974339879677,107.58396430429418,3570.0,0.0,19,6
1,1,285.1431334622824,119.72765957446809,1553.6566912100584,1.728809252443607,0.26476464613254336,131.02404591249237,4335.0,0.0,20,6
1,1,178.7522491349481,39.43460207612457,868.4850749704195,1.422994551925512,0.018504938674512247,113.59424163972962,1785.0,0.0,1,6
1,1,175.89057043073342,297.4194800155219,1548.8484693417101,1.5861008633682943,0.03920128526213522,143.64562831690677,4335.0,0.0,10,6
1,1,97.61648250460405,246.61648250460405,1305.4322372565753,1.468201942142075,0.17822080853397604,149.05487791879864,3315.0,0.0,44,6
1,1,168.0,111.50160256410257,1500.1652229246831,1.5622756249155039,0.042768411693536595,145.4487115175374,4080.0,0.0,25,6
1,1,172.00756564307966,24.918558077436582,1350.509317272341,1.7002840151243048,0.3116764007441081,129.22096271186172,3570.0,0.0,22,6
1,1,14.502222222222223,271.99555555555554,1217.0811604256744,1.4718762696254124,0.06717068449451118,148.4538501852551,3060.0,0.0,27,6
1,1,43.19004027828634,195.3716587330648,1641.4067403074157,1.6376206941469096,0.053001736711429694,140.0394619156455,4845.0,0.0,28,6
1,1,47.024805102764,65.66761162296244,848.050132029939,1.3003842860027102,0.19832352549856538,127.4178795112311,1785.0,0.0,30,6
1,1,50.28823529411765,180.71176470588236,1123.9218617264253,1.3901871531760086,0.15117295844389889,143.64562831690677,2550.0,0.0,31,6
1,1,68.37727801473439,127.0,1550.0505248087973,1.5628242199487175,0.10316780817501377,146.04973925108092,4335.0,0.0,32,6
1,1,67.55524861878453,157.146408839779,1305.4322372565753,1.4663192288963913,0.015481238404536957,149.05487791879864,3315.0,0.0,35,6
1,1,78.7281045751634,305.1363834422658,1379.358648482431,1.4926107028423894,0.059945713498124775,149.6559056523422,3570.0,0.0,33,6
1,1,86.90818467995803,222.64847848898216,1145.5588601339928,1.398357603550746,0.32285546598746934,145.4487115175374,2805.0,0.0,34,6
1,1,10.314878892733564,303.0,868.4850749704195,1.274992367166243,0.17663398678379574,132.827129113123,1785.0,0.0,26,6
1,1,112.11300204220558,221.91695030633085,882.9097405754645,1.5083159544272713,0.22003114289906472,112.99321390618607,2295.0,0.0,37,6
1,1,159.51891891891893,53.00756756756757,1111.9013070555543,1.4184117497722204,0.10261405220622524,141.24151738273258,2550.0,0.0,45,6
1,1,145.88824884792626,74.32430875576037,1043.3841454315905,1.3429711197830834,0.26534539942607516,143.0446005833632,2295.0,0.0,36,6
1,1,144.89001501501502,225.70645645645646,1601.1378821599983,1.5845775102171196,0.07044194762272689,144.2466560504503,4590.0,0.0,43,6
1,1,138.44274809160305,153.77480916030535,1259.754129507266,1.4675237491088426,0.08201908177551455,142.44357284981967,3570.0,0.0,42,6
1,1,132.65663474692204,33.01367989056087,878.7025464406597,1.5096588248481377,0.10048971361063576,110.5891029720119,2295.0,0.0,40,6
1,1,124.42463054187192,189.99556650246305,1220.0862990933922,1.4164758878592671,0.04974353782938548,148.4538501852551,3060.0,0.0,38,6
1,1,137.60386879730865,82.39613120269134,1429.243950366545,1.5433189798311784,0.1148874242867009,146.04973925108092,3825.0,0.0,41,6
2,2,210.3720274083031,273.25110842402256,1491.14980692153,1.5512213856128299,0.17835512297903972,146.04973925108092,4080.0,0.0,11,6
2,2,177.10998498498498,298.29354354354354,1601.1378821599983,1.5845775102171196,0.07044194762272693,144.2466560504503,4590.0,0.0,10,6
2,2,177.60386879730865,176.60386879730865,1429.243950366545,1.5433189798311784,0.11488742428670086,146.04973925108092,3825.0,0.0,2,6
2,2,182.8175021987687,16.079595426561127,1366.7370660780166,1.557742316870659,0.19619041905264548,138.23637871501487,3570.0,0.0,3,6
2,2,188.47397873531057,151.9871292669278,1074.0365598423111,1.413817812103034,0.09069814268320725,135.8322677808407,2550.0,0.0,5,6
2,2,187.82765612327657,199.52635847526358,1482.1343909183768,1.5984836691538329,0.1233408496000397,142.44357284981967,4080.0,0.0,4,6
2,2,190.62882882882883,306.6932432432432,1334.2815684666652,1.5199869605889258,0.05145962814380864,140.0394619156455,4080.0,0.0,6,6
2,2,197.1109123434705,44.10614192009541,1007.9235091525214,1.5366715884215132,0.2756019043575764,118.40246350807796,2550.0,0.0,7,6
2,2,209.44502617801047,135.75030205396698,1492.351862388617,1.5739267034462514,0.15604909213595006,144.2466560504503,4080.0,0.0,23,6
2,2,244.6608606557377,109.91752049180327,1173.2061358769959,1.3910206772690923,0.06014844449946639,150.25693338588573,2805.0,0.0,16,6
2,2,222.41008771929825,10.875438596491229,1370.343232479278,1.4966336494619363,0.1711945460955793,147.85282245171155,3825.0,0.0,13,6
2,2,235.99445676274945,96.79711751662971,1084.2540313125514,1.3289376915516422,0.274468408487953,147.25179471816801,2550.0,0.0,14,6
2,2,243.0,84.5,782.5381090736929,1.3391769029018328,0.14901256719119152,112.99321390618607,1530.0,0.0,15,6
2,2,175.18924731182796,39.0,1117.91158439099,1.3226724332167046,0.05806853578936539,153.26207205360345,2550.0,0.0,1,6
2,2,251.33867276887872,136.3813882532418,787.9473586755847,1.4098920440573677,0.28267161089694426,111.19013070555545,1785.0,0.0,17,6
2,2,258.55565293602103,277.38606485539003,1371.5452879463649,1.5545866659713043,0.12330201462682956,146.04973925108092,3825.0,0.0,18,6
2,2,273.71909167367534,208.10933557611438,1429.243950366545,1.6609095970747993,0.21859797942439177,115.39732484036024,6120.0,0.0,19,6
2,2,283.8200589970501,118.65107458912769,1426.2388116988272,1.5942109768953956,0.15407011258400566,143.0446005833632,3825.0,0.0,20,6
2,2,221.38351749539595,134.38351749539595,1305.4322372565753,1.468201942142075,0.1782208085339761,149.05487791879864,3315.0,0.0,12,6
2,2,170.04568023833167,25.173783515392255,1210.4698553566955,1.6618268025723275,0.31849963550547,121.40760217579567,3060.0,0.0,22,6
2,2,13.99585308056872,272.2843601895735,1014.5348142215005,1.3208589048212143,0.26716153435563367,141.84254511627614,2550.0,0.0,27,6
2,2,43.819109840751324,194.64066966108615,1471.9169194481367,1.5930381409680723,0.2086724254244846,142.44357284981967,4080.0,0.0,28,6
2,2,47.31487889273357,68.0,868.4850749704195,1.274992367166243,0.17663398678379574,132.827129113123,1785.0,0.0,30,6
2,2,51.51889848812095,180.81317494600432,1113.1033625226414,1.418978125302287,0.032623531913528944,141.24151738273258,2550.0,0.0,31,6
2,2,69.0,126.6252427184466,1547.646413874623,1.5618013000925801,0.10368782156788685,146.04973925108092,4335.0,0.0,32,6
2,2,68.52892960462874,158.0,1246.531519369308,1.4553794071996056,0.07049808425260097,148.4538501852551,3060.0,0.0,35,6
2,2,78.68916069169127,305.5567271193589,1425.0367562317404,1.5624224991323645,0.18177266554239255,145.4487115175374,3825.0,0.0,33,6
2,2,88.00839251129761,224.9083279535184,930.991959258948,1.2486273935723746,0.17932135012392827,141.84254511627614,2295.0,0.0,34,6
2,2,96.85772913816689,245.78203374373004,1318.0538196609896,1.4476737318629942,0.05186212924185544,151.45898885297282,3315.0,0.0,44,6
2,2,9.866166353971233,303.1338336460288,961.0433459361251,1.2790709574027919,0.1816073616896533,142.44357284981967,2040.0,0.0,26,6
2,2,124.34045881126173,189.20959332638165,1152.7711929365153,1.3939763156945724,0.13365473043788698,148.4538501852551,3060.0,0.0,38,6
2,2,168.33333333333334,110.73600668337511,1438.8603941032418,1.525609838758573,0.06252603323558806,147.85282245171155,3825.0,0.0,25,6
2,2,132.90646921278255,33.14341387373344,771.1185821363656,1.4273795272761145,0.19744270073580308,113.59424163972962,2040.0,0.0,40,6
2,2,137.28383128295255,82.50087873462215,1367.9391215451037,1.508907355000762,0.1860544526963066,147.25179471816801,3570.0,0.0,41,6
2,2,138.63296126066973,154.09192383453708,915.3652381868159,1.297758054678628,0.06920314939312183,137.03432324792777,2550.0,0.0,42,6
2,2,144.0,225.224244630506,1651.0231840441124,1.6029187066258117,0.005498007965937042,142.44357284981967,4845.0,0.0,43,6
2,2,146.15919037199126,74.0300875273523,1098.6786969175964,1.3366570535386468,0.10232469909220147,147.25179471816801,2550.0,0.0,36,6
2,2,159.8207594936709,51.42987341772152,1187.0297737484973,1.448001678438079,0.21582682431090455,141.84254511627614,2805.0,0.0,45,6
2,2,111.14261744966443,220.65268456375838,716.4250583839032,1.3677738735359426,0.10853563489223382,108.18499203783773,1785.0,0.0,37,6
3,3,195.58952618453864,42.73715710723192,1191.8236528787127,1.4783558974756374,0.10203466149587997,138.50120255398508,3060.0,0.0,7,6
3,3,190.42792234613796,307.99958694754235,1439.1047698849693,1.554729231164946,0.1818856384915069,146.22873746043058,4080.0,0.0,6,6
3,3,176.63600713012477,298.5201426024955,1667.3642625061293,1.7380095977450274,0.11407967270440399,130.1792418855053,4845.0,0.0,10,6
3,3,188.02962962962962,153.25641025641025,1043.217212370145,1.4254503961586429,0.3192866167222896,140.2844798400879,2550.0,0.0,5,6
3,3,182.33942161339422,17.08219178082192,1171.6131769695476,1.3901516329733778,0.060070863859858346,150.38971779467047,2805.0,0.0,3,6
3,3,179.16954022988506,174.82722701149424,1654.8813215034097,1.606716327271818,0.1293279853943522,142.66218288822498,4845.0,0.0,2,6
3,3,209.12090874085484,274.2314208702349,1543.7237040030009,1.60512751746515,0.1368486644839513,137.31235102991653,4845.0,0.0,11,6
3,3,187.82049146189087,200.65139525197833,1427.216254644284,1.5934058200769907,0.1538528113614327,143.25660865025924,3825.0,0.0,4,6
3,3,210.11162255466053,136.41963943229766,1549.6679616233437,1.586406582752281,0.039415019915959464,143.8510344122935,4335.0,0.0,23,6
3,3,243.85316336166196,109.93153918791313,1258.9937639885852,1.4360790180820961,0.1049674332676101,150.98414355670477,3060.0,0.0,16,6
3,3,221.3967594515995,10.603240548400498,1430.7828092164896,1.5434437240435985,0.11440699952253429,145.63431169839632,3825.0,0.0,13,6
3,3,221.58277189605388,133.76179018286814,1235.2167335072145,1.4441811824617812,0.13366866054793686,148.6064405085677,3060.0,0.0,12,6
3,3,234.76399560922064,98.04829857299671,1083.0437384264412,1.3608126970628165,0.1202074621346005,142.06775712619068,2550.0,0.0,14,6
3,3,245.33942161339422,87.08219178082192,1171.6131769695476,1.3901516329733778,0.060070863859858346,150.38971779467047,2805.0,0.0,15,6
3,3,251.67710049423394,135.4535969247666,1082.449312664407,1.5108976278871344,0.22711062176296642,128.99039036143674,2805.0,0.0,17,6
3,3,260.16954022988506,276.82722701149424,1654.8813215034097,1.606716327271818,0.1293279853943522,142.66218288822498,4845.0,0.0,18,6
3,3,273.9053857350801,207.85880640465794,1633.481994070176,1.8544175982828033,0.26861541137698075,109.96876597634008,6375.0,0.0,19,6
3,3,284.12495194156094,118.69703960015379,1546.101407051138,1.753011359739031,0.2688343835328656,126.01826155126538,4335.0,0.0,20,6
3,3,175.1394927536232,38.924365942028984,1312.4920825716697,1.443218775786474,0.04849380159283455,151.57856931873903,3315.0,0.0,1,6
3,3,169.26519865964576,24.632838678793682,1241.7554168895915,1.6192061715967203,0.14771599515729994,129.584816123471,3060.0,0.0,22,6
3,3,10.349975037443834,303.57014478282576,1190.6348013546442,1.449430483641639,0.1977873201197555,142.06775712619068,2805.0,0.0,26,6
3,3,12.446457112413427,273.57858284496535,1115.7371553383261,1.44422130338416,0.15574162444065875,139.09562831601934,3060.0,0.0,27,6
3,3,43.81014492753623,193.62717391304346,1640.6151032145872,1.6375352634769227,0.05235937138629814,139.6900540780536,4845.0,0.0,28,6
3,3,45.90197461212976,68.93370944992948,842.8957305645959,1.5211253350425538,0.2578730294027389,104.02450835599737,2040.0,0.0,30,6
3,3,50.61545454545455,179.38454545454545,1307.7366764753956,1.469693845669907,0.17796929843384005,149.20086627060195,3315.0,0.0,31,6
3,3,67.0,126.77713874910137,1653.692469979341,1.6044958402905585,0.005822187251840154,142.66218288822498,4845.0,0.0,32,6
3,3,69.38454545454546,159.38454545454545,1307.7366764753956,1.469693845669907,0.17796929843384002,149.20086627060195,3315.0,0.0,35,6
3,3,78.38454545454546,305.38454545454545,1307.7366764753956,1.469693845669907,0.17796929843384002,149.20086627060195,3315.0,0.0,33,6
3,3,167.88837744533947,111.41963943229766,1549.6679616233437,1.586406582752281,0.03941501991595947,143.8510344122935,4335.0,0.0,25,6
3,3,96.50571428571429,244.50571428571428,1248.2941002719685,1.508704900300412,0.1620763072973669,139.09562831601934,3060.0,0.0,44,6
3,3,110.9567462879277,218.9806326662363,920.7655053910853,1.3037662085904678,0.19365670998293752,136.71792526788226,2295.0,0.0,37,6
3,3,124.19795062878435,188.79319981369352,1276.2321110875791,1.6280894818678713,0.30210177878566574,130.1792418855053,3570.0,0.0,38,6
3,3,135.76739130434783,33.2463768115942,820.3075516072936,1.5028957555911564,0.21996412842410384,107.591062928203,2040.0,0.0,40,6
3,3,136.6032405484005,83.39675945159951,1430.7828092164896,1.5434437240435985,0.11440699952253434,145.63431169839632,3825.0,0.0,41,6
3,3,137.7163179916318,155.60418410041842,1420.677571261907,1.5548547268980861,0.049129615367159714,143.25660865025924,4080.0,0.0,42,6
3,3,144.07728026533997,224.92271973466003,1792.1936725333262,1.688317089203973,0.09652762957855945,133.7457964577109,5610.0,0.0,43,6
3,3,145.33942161339422,75.08219178082192,1171.6131769695476,1.3901516329733778,0.060070863859858346,150.38971779467047,2805.0,0.0,36,6
3,3,160.33942161339422,52.082191780821915,1171.6131769695476,1.3901516329733778,0.060070863859858346,150.38971779467047,2805.0,0.0,45,6
3,3,87.97320341047504,226.02679658952496,976.0471012602725,1.335361834937282,0.17191079882264068,136.71792526788226,2295.0,0.0,34,6
4,4,195.98140770252323,42.01859229747676,905.1477667165757,1.4282298965678457,0.17449427723818164,122.60965764288275,2295.0,0.0,7,6
4,4,191.89001501501502,308.29354354354354,1601.1378821599983,1.5845775102171196,0.07044194762272689,144.2466560504503,4590.0,0.0,6,6
4,4,179.39613120269135,175.39613120269135,1429.243950366545,1.5433189798311784,0.11488742428670091,146.04973925108092,3825.0,0.0,2,6
4,4,187.2755388940956,200.94376757263356,1282.5931833819207,1.7225555871155234,0.32147055544138087,120.20554670870858,3315.0,0.0,4,6
4,4,182.58248175182482,17.76058394160584,1235.1119924319808,1.4441761557567856,0.13435421021236296,148.4538501852551,3060.0,0.0,3,6
4,4,210.0,275.50160256410254,1500.1652229246831,1.5622756249155039,0.042768411693536595,145.4487115175374,4080.0,0.0,11,6
4,4,190.3017135862913,152.9547123623011,982.0793166101491,1.3374833416183123,0.1494612504519394,135.8322677808407,2295.0,0.0,5,6
4,4,212.07043407043406,137.481981981982,1467.7097253133318,1.5832094007275244,0.0555454206208565,141.24151738273258,4335.0,0.0,23,6
4,4,243.0,110.0,415.9111916121317,1.191249404830353,0.014084507017456817,74.52743895939932,765.0,0.0,16,6
4,4,221.0,11.528929604628736,1246.531519369308,1.4553794071996056,0.34088669932080634,148.4538501852551,3060.0,0.0,13,6
4,4,223.11175115207374,135.67569124423963,1043.3841454315905,1.3429711197830834,0.2653453994260751,143.0446005833632,2295.0,0.0,12,6
4,4,234.32430875576037,97.88824884792626,1043.3841454315905,1.3429711197830834,0.07183183516007927,143.0446005833632,2295.0,0.0,14,6
4,4,244.0,87.5,782.5381090736929,1.3391769029018328,0.14901256719119152,112.99321390618607,1530.0,0.0,15,6
4,4,250.82805970149255,134.9420895522388,1006.7214536854344,1.4964634927303195,0.13091129304982696,123.2106853764263,2550.0,0.0,17,6
4,4,260.0,278.50160256410254,1500.1652229246831,1.5622756249155039,0.042768411693536595,145.4487115175374,4080.0,0.0,18,6
4,4,272.6316477768091,206.04751525719269,1378.7576207488876,1.633882737103571,0.18518246142010733,113.59424163972962,5865.0,0.0,19,6
4,4,285.17001675041877,118.07872696817421,1435.2542277019804,1.7743283816785862,0.34041879196481256,125.01376857705692,3825.0,0.0,20,6
4,4,176.89057043073342,299.4194800155219,1548.8484693417101,1.5861008633682943,0.03920128526213522,143.64562831690677,4335.0,0.0,10,6
4,4,176.28823529411764,40.71176470588235,1123.9218617264253,1.3901871531760086,0.15117295844389889,143.64562831690677,2550.0,0.0,1,6
4,4,167.79542269967305,24.969173283512376,1286.8003775167253,1.5878450023594817,0.25771325727543226,134.63021231375362,3315.0,0.0,22,6
4,4,169.13619167717528,110.07734342160572,1429.8449781000886,1.5227019634324181,0.12488736952597972,147.85282245171155,3825.0,0.0,25,6
4,4,9.398926654740608,302.2361359570662,671.949006101681,1.2926100677001773,0.24855338552826153,103.97779790303292,1275.0,0.0,26,6
4,4,12.02540272614622,273.0074349442379,970.0587619392783,1.3041255669696044,0.16662751614746144,141.84254511627614,2295.0,0.0,27,6
4,4,43.372027408303104,195.74889157597744,1491.14980692153,1.5512213856128299,0.17835512297903972,146.04973925108092,4080.0,0.0,28,6
4,4,50.0,179.0,1042.1820899645033,1.269825479113112,0.17162162150566102,152.66104432005991,2295.0,0.0,31,6
4,4,68.16890664729387,125.82782419179077,1654.6293504453736,1.6069455134000925,0.12946744050189551,142.44357284981967,4845.0,0.0,32,6
4,4,67.52540106951872,159.47459893048128,1348.7062340717102,1.5405973793321184,0.22625686345737175,144.84768378399386,3570.0,0.0,35,6
4,4,78.0,306.0,1319.8569028616203,1.485203278881134,0.16949123526226334,149.05487791879864,3315.0,0.0,33,6
4,4,45.09001636661211,71.99754500818331,734.4558903902094,1.3432866355584907,0.2268615563200026,112.99321390618607,1785.0,0.0,30,6
4,4,95.81075268817204,243.0,1117.91158439099,1.3226724332167046,0.05806853578936539,153.26207205360345,2550.0,0.0,44,6
4,4,110.69213483146068,221.00898876404494,802.3720242806298,1.3354851550095705,0.15438107181029762,117.80143577453441,1785.0,0.0,37,6
4,4,124.61105904404873,188.61387066541707,1282.5931833819207,1.4755108085691244,0.1820586804741147,144.2466560504503,3315.0,0.0,38,6
4,4,135.98632010943913,34.34336525307798,878.7025464406597,1.5096588248481377,0.2268603888394497,110.5891029720119,2295.0,0.0,40,6
4,4,138.0,84.31487889273356,868.4850749704195,1.274992367166243,0.1844771240322899,132.827129113123,1785.0,0.0,41,6
4,4,139.34632272228322,155.63556531284303,1095.0725305163353,1.4252313155989018,0.1796246912365978,135.8322677808407,2805.0,0.0,42,6
4,4,144.0,74.0,1042.1820899645033,1.269825479113112,0.17162162150566102,152.66104432005991,2295.0,0.0,36,6
4,4,144.10998498498498,225.29354354354354,1601.1378821599983,1.5845775102171196,0.07044194762272693,144.2466560504503,4590.0,0.0,43,6
4,4,87.28823529411764,225.71176470588236,1123.9218617264253,1.3901871531760086,0.15117295844389889,143.64562831690677,2550.0,0.0,34,6
4,4,159.6608606557377,50.91752049180328,1173.2061358769959,1.3910206772690923,0.06014844449946639,150.25693338588573,2805.0,0.0,45,6
5,5,197.04252577319588,42.94072164948454,929.7972542773452,1.4541976212501122,0.23343033396377294,122.81471464359264,2295.0,0.0,7,6
5,5,192.65255731922397,307.3562610229277,1358.7501112764298,1.5112745009706048,0.26890449169177283,147.9767537413043,3825.0,0.0,6,6
5,5,190.90975609756097,152.81951219512194,982.5177171487411,1.4583652725886895,0.2197399089640338,125.8101954885583,2550.0,0.0,5,6
5,5,188.14263685427912,199.727833461835,1554.0554623681917,1.7278167754598646,0.26439554676448107,131.20206100949653,4335.0,0.0,4,6
5,5,175.57150050352467,39.34944612286002,1189.8049916203656,1.4492071659597476,0.08073702960782951,141.98579205137295,2805.0,0.0,1,6
5,5,178.83146473779385,176.17142857142858,1656.5009072660177,1.606721865696441,0.13001220200652877,142.58488822036608,4845.0,0.0,2,6
5,5,177.88897485493231,300.41972920696327,1548.6635968472535,1.5862074765324208,0.03960929566410872,143.78308055835237,4335.0,0.0,10,6
5,5,182.50575815738964,17.505758157389636,1248.5164161816929,1.5094074799400725,0.1619186319759057,138.99031120640728,3060.0,0.0,3,6
5,5,210.5015873015873,137.0,1509.7223458626997,1.5614401167176533,0.16924428815059564,146.17946523432488,4080.0,0.0,23,6
5,5,221.07540229885058,12.708505747126438,1303.0341675600682,1.4310192493303586,0.11703872966672221,151.57133075526312,3315.0,0.0,13,6
5,5,223.5188577586207,136.00754310344828,1111.9224896512583,1.417828293188395,0.10301372458184581,141.38669588237983,2550.0,0.0,12,6
5,5,234.34945054945055,97.02967032967032,1090.3550275675054,1.378006204231715,0.0457158070429516,145.58036906533175,2805.0,0.0,14,6
5,5,242.86579275905117,111.13420724094881,959.752062727002,1.2783611543491198,0.18204365912925774,142.58488822036608,2040.0,0.0,16,6
5,5,244.86579275905117,87.13420724094881,959.752062727002,1.2783611543491198,0.18204365912925774,142.58488822036608,2040.0,0.0,15,6
5,5,251.26349390597795,134.78874056877538,1032.2426991751713,1.357253038174665,0.1452549414783695,138.39121503741413,2550.0,0.0,17,6
5,5,260.8889748549323,280.58027079303673,1548.6635968472535,1.5862074765324208,0.03960929566410881,143.78308055835237,4335.0,0.0,18,6
5,5,271.6755470980019,205.43006660323502,1259.3001472235694,1.7386303215065693,0.18630393389658126,106.63911808077799,4845.0,0.0,19,6
5,5,287.1426368542791,116.727833461835,1554.0554623681917,1.7278167754598646,0.26439554676448107,131.20206100949653,4335.0,0.0,20,6
5,5,169.1823436678928,27.296899632159747,1140.0800095939355,1.6972668208214883,0.3113414091869837,104.84182957379859,2805.0,0.0,22,6
5,5,211.64450127877237,275.2685421994885,1405.4796124578943,1.5579184748967296,0.1203498130702499,135.99483036144161,4335.0,0.0,11,6
5,5,168.25702510303483,108.9396777819408,1598.9876750426768,1.58309257173125,0.0666772789775514,144.3821767273455,4590.0,0.0,25,6
5,5,10.189247311827957,274.51881720430106,1114.3188743272308,1.4193365101455884,0.3096500940424006,141.38669588237983,2550.0,0.0,27,6
5,5,159.00754310344828,49.51885775862069,1111.9224896512583,1.417828293188395,0.3259147489524839,141.38669588237983,2550.0,0.0,45,6
5,5,9.0,301.6846100759144,868.0903488710524,1.274856383743613,0.18224755685484717,132.4002533474828,1785.0,0.0,26,6
5,5,43.39715123586091,195.39715123586092,1430.0425553866128,1.5436668731191583,0.11457658257305725,145.58036906533175,3825.0,0.0,28,6
5,5,46.853857566765576,69.06528189910979,807.5816358027457,1.6814134932584468,0.22706737510870673,86.86894450400455,2040.0,0.0,30,6
5,5,48.528873917228104,180.0,1244.921839167734,1.4549705717896224,0.071475409797008,148.57584991029742,3060.0,0.0,31,6
5,5,65.50575815738964,159.50575815738964,1248.5164161816929,1.5094074799400725,0.1619186319759057,138.99031120640728,3060.0,0.0,35,6
5,5,67.44495412844037,126.85321100917432,1306.0296484050339,1.4670697249898013,0.016102230784738346,149.17494607929058,3315.0,0.0,32,6
5,5,77.5253108348135,305.5253108348135,1349.1645725725396,1.5401667691298218,0.22682909705241386,144.98127289633862,3570.0,0.0,33,6
5,5,95.3843334860284,242.3843334860284,1307.8269369120133,1.468870760184055,0.17824474651834082,149.17494607929058,3315.0,0.0,44,6
5,5,109.97134670487107,220.87048710601718,1045.4228148930204,1.294909584081282,0.2547881383993366,146.77856140331804,2550.0,0.0,37,6
5,5,124.32704402515724,188.29454926624737,1143.0754904389012,1.4648215953076555,0.15170336076614366,138.99031120640728,3060.0,0.0,38,6
5,5,135.92056650246306,33.37192118226601,972.9321784448509,1.41356029562223,0.31256110840359275,131.20206100949653,2295.0,0.0,40,6
5,5,139.0,84.0,1044.2246225550339,1.2710646239494987,0.17137096762676676,152.76952309324938,2295.0,0.0,41,6
5,5,139.72840095465395,155.30214797136037,1255.1064740406175,1.6039926317687674,0.2517541475260166,130.00386867151025,3570.0,0.0,42,6
5,5,142.39715123586092,224.60284876413908,1430.0425553866128,1.5436668731191583,0.11457658257305717,145.58036906533175,3825.0,0.0,43,6
5,5,143.0,74.0,1044.2246225550339,1.2710646239494987,0.17137096762676676,152.76952309324938,2295.0,0.0,36,6
5,5,88.67623421354764,224.11366245694603,1043.6255263860407,1.3430092844065882,0.07147207595063361,143.1839843893592,2295.0,0.0,34,6
6,6,193.73233215547702,306.3529151943463,1360.7267887425812,1.5004416311003979,0.18364560374029584,147.25179471816801,3570.0,0.0,6,6
6,6,193.94907407407408,43.76203703703704,649.1099522270264,1.3635465739237729,0.21433721376304643,103.37677016948938,1530.0,0.0,7,6
6,6,178.29387448327697,300.89214580984594,1599.3347989593676,1.5838104267459607,0.14989415878051252,144.2466560504503,4590.0,0.0,10,6
6,6,188.8987921699292,198.64098292378176,1443.0675882380465,1.6414304871508485,0.17103572555928948,137.63535098147133,3825.0,0.0,4,6
6,6,182.41751824817518,17.23941605839416,1235.1119924319808,1.4441761557567856,0.13435421021236302,148.4538501852551,3060.0,0.0,3,6
6,6,179.51960784313727,176.51960784313727,1471.3158917145931,1.6067667367745788,0.13414757809443148,141.24151738273258,4080.0,0.0,2,6
6,6,211.97227722772277,276.38455445544554,1517.595027197446,1.5569709104031404,0.11446130105685158,146.04973925108092,4335.0,0.0,11,6
6,6,190.3017135862913,152.9547123623011,982.0793166101491,1.3374833416183123,0.1494612504519394,135.8322677808407,2295.0,0.0,5,6
6,6,213.33333333333334,137.2639933166249,1438.8603941032418,1.525609838758573,0.06252603323558807,147.85282245171155,3825.0,0.0,23,6
6,6,245.0,87.0,1042.1820899645033,1.269825479113112,0.17162162150566102,152.66104432005991,2295.0,0.0,15,6
6,6,223.0,135.0,861.272742167897,1.264690369471924,0.23025148111637966,132.827129113123,1785.0,0.0,12,6
6,6,233.3391393442623,97.08247950819673,1173.2061358769959,1.3910206772690923,0.060148444499466436,150.25693338588573,2805.0,0.0,14,6
6,6,242.5,113.5,572.1784023334528,1.3565898917704575,0.2310391902320584,84.74491042963955,1020.0,0.0,16,6
6,6,251.17109144542772,134.59705014749264,1018.7420083563053,1.377655654815396,0.2955714140600997,136.43329551438424,2550.0,0.0,17,6
6,6,258.6038687973087,281.3961312026913,1429.243950366545,1.5433189798311784,0.1148874242867009,146.04973925108092,3825.0,0.0,18,6
6,6,270.83607198748047,206.2605633802817,1536.2268869372956,1.7690390661394073,0.16245538365058318,109.38704750492481,6120.0,0.0,19,6
6,6,288.90410958904107,115.7870083959346,1360.1257610090377,1.5531531083553267,0.15686331142383028,144.84768378399386,3570.0,0.0,20,6
6,6,175.61648250460405,38.61648250460405,1305.4322372565753,1.468201942142075,0.17822080853397604,149.05487791879864,3315.0,0.0,1,6
6,6,221.74530271398748,14.0,1439.4614218367853,1.500452263065024,0.0159440559366228,150.25693338588573,3825.0,0.0,13,6
6,6,170.0,109.3415915915916,1601.1378821599983,1.6082090462176664,0.05881383852602396,141.84254511627614,4590.0,0.0,25,6
6,6,167.87995469988675,26.768969422423556,1061.4149774378968,1.5207139051862955,0.26197428852316723,127.4178795112311,2550.0,0.0,22,6
6,6,8.0,301.5,955.6340963342333,1.3512165494553463,0.27173119045162064,132.827129113123,2040.0,0.0,26,6
6,6,10.987134502923976,274.8824561403509,1027.7574243594584,1.2970952703448104,0.26130391804512465,147.25179471816801,2550.0,0.0,27,6
6,6,42.20284399832706,195.08239230447512,1437.057310902611,1.5553364646253314,0.16775362598004276,146.04973925108092,3825.0,0.0,28,6
6,6,45.775510204081634,69.3545918367347,706.8086146472065,1.6631766179768863,0.3394244821599172,77.53257762711704,1785.0,0.0,30,6
6,6,65.33235294117647,161.11117647058825,1021.747147024023,1.318198414057432,0.1626894198475196,142.44357284981967,2805.0,0.0,35,6
6,6,68.25202922077922,126.62865259740259,1480.9323354512899,1.5518631449903115,0.03999662146367851,145.4487115175374,4080.0,0.0,32,6
6,6,75.08848080133556,307.27170283806345,1440.062449570329,1.5283902079354128,0.14624965867527479,147.85282245171155,3825.0,0.0,33,6
6,6,48.38351749539595,182.61648250460405,1305.4322372565753,1.468201942142075,0.17822080853397612,149.05487791879864,3315.0,0.0,31,6
6,6,93.67569124423963,242.11175115207374,1043.3841454315905,1.3429711197830834,0.07183183516007931,143.0446005833632,2295.0,0.0,44,6
6,6,88.0,223.18924731182796,1117.91158439099,1.3226724332167046,0.2596884733584495,153.26207205360345,2550.0,0.0,34,6
6,6,142.0,224.224244630506,1651.0231840441124,1.6029187066258117,0.005498007965937042,142.44357284981967,4845.0,0.0,43,6
6,6,141.18924731182796,74.0,1117.91158439099,1.3226724332167046,0.05806853578936539,153.26207205360345,2550.0,0.0,36,6
6,6,140.21836734693878,154.8795918367347,883.5107683090081,1.2745547441825977,0.14644938413917963,132.827129113123,2550.0,0.0,42,6
6,6,138.67569124423963,86.11175115207374,1043.3841454315905,1.3429711197830834,0.07183183516007931,143.0446005833632,2295.0,0.0,41,6
6,6,159.0,49.0,1042.1820899645033,1.269825479113112,0.17162162150566102,152.66104432005991,2295.0,0.0,45,6
6,6,124.58514230583695,187.6242161119151,1245.9304916357644,1.5180216642971358,0.1539904656931745,134.02918458021009,3315.0,0.0,38,6
6,6,110.0,222.18924731182796,1117.91158439099,1.3226724332167046,0.2596884733584495,153.26207205360345,2550.0,0.0,37,6
6,6,135.5711361310133,33.17758444216991,1174.408191344083,1.4458849949523838,0.11768085277525318,140.64048964918905,2805.0,0.0,40,6
7,7,175.81075268817204,38.0,1117.91158439099,1.3226724332167046,0.05806853578936539,153.26207205360345,2550.0,0.0,1,6
7,7,178.16890664729385,300.8278241917908,1654.6293504453736,1.6069455134000925,0.12946744050189551,142.44357284981967,4845.0,0.0,10,6
7,7,181.0,174.50160256410257,1500.1652229246831,1.5622756249155039,0.042768411693536595,145.4487115175374,4080.0,0.0,2,6
7,7,183.0,18.0,1042.1820899645033,1.269825479113112,0.17162162150566102,152.66104432005991,2295.0,0.0,3,6
7,7,189.38042848870873,153.06658946149392,1037.9748958296987,1.4946342942078237,0.0167311109494417,126.21582404414401,2805.0,0.0,5,6
7,7,188.63490792634107,198.79263410728583,1501.3672783917702,1.6732722049617386,0.248164913537334,135.8322677808407,4080.0,0.0,4,6
7,7,192.22357563850687,305.24243614931237,1529.6155818683167,1.5474168855488584,0.11099366490491079,146.04973925108092,4335.0,0.0,6,6
7,7,194.23076923076923,42.75457875457875,820.4028562869361,1.50262285949451,0.22051023775233547,107.58396430429418,2040.0,0.0,7,6
7,7,169.7479707792208,108.62865259740259,1480.9323354512899,1.5518631449903115,0.039996621463678494,145.4487115175374,4080.0,0.0,25,6
7,7,221.51960784313727,13.519607843137255,1471.3158917145931,1.6067667367745788,0.13414757809443148,141.24151738273258,4080.0,0.0,13,6
7,7,221.5856922285126,134.17858980957283,1167.7968862751038,1.432294244878292,0.12261003211235914,140.64048964918905,2805.0,0.0,12,6
7,7,231.81075268817204,96.0,1117.91158439099,1.3226724332167046,0.05806853578936539,153.26207205360345,2550.0,0.0,14,6
7,7,240.13984539704848,114.6669009135629,855.2624648324615,1.3140144109183867,0.13487954989550685,123.2106853764263,1785.0,0.0,16,6
7,7,245.67569124423963,86.11175115207374,1043.3841454315905,1.3429711197830834,0.07183183516007931,143.0446005833632,2295.0,0.0,15,6
7,7,249.82805970149255,134.9420895522388,1006.7214536854344,1.4964634927303195,0.13091129304982696,123.2106853764263,2550.0,0.0,17,6
7,7,256.82575370464997,280.82575370464997,1176.2112745447134,1.3589349281655274,0.14914971717390446,152.66104432005991,2805.0,0.0,18,6
7,7,272.01631701631703,205.8971028971029,1804.8862838312593,1.787774369470934,0.08660703792016787,115.39732484036024,6375.0,0.0,19,6
7,7,288.86541666666665,115.41,1442.466560504503,1.5967414735433327,0.14375023861534944,136.43329551438424,3825.0,0.0,20,6
7,7,214.09929906542055,137.42095015576325,1543.4392197398183,1.5789207244841672,0.038513211074820634,143.64562831690677,4335.0,0.0,23,6
7,7,168.9038876889849,27.22570194384449,1113.1033625226414,1.717021883048743,0.33462160745356706,102.77574243594584,2550.0,0.0,22,6
7,7,212.50377643504532,274.8058912386707,1591.5214384233016,1.6416041082850545,0.2066050374350647,139.43843418210196,4590.0,0.0,11,6
7,7,160.0,48.0,1042.1820899645033,1.269825479113112,0.17162162150566102,152.66104432005991,2295.0,0.0,45,6
7,7,8.0,300.5,955.6340963342333,1.3512165494553463,0.27173119045162064,132.827129113123,2040.0,0.0,26,6
7,7,9.111751152073733,275.32430875576034,1043.3841454315905,1.3429711197830834,0.26534539942607516,143.0446005833632,2295.0,0.0,27,6
7,7,41.89001501501502,194.29354354354354,1601.1378821599983,1.5845775102171196,0.07044194762272689,144.2466560504503,4590.0,0.0,28,6
7,7,42.994856722997795,72.31153563556208,817.998745352762,1.3087059416591715,0.19307442330234142,122.60965764288275,1785.0,0.0,30,6
7,7,64.30774456521739,158.875,884.7128237760952,1.2966826402652336,0.08174981576199646,132.22610137957943,2550.0,0.0,35,6
7,7,69.0,126.50160256410257,1500.1652229246831,1.5622756249155039,0.042768411693536595,145.4487115175374,4080.0,0.0,32,6
7,7,73.52892960462874,306.0,1246.531519369308,1.4553794071996056,0.07049808425260097,148.4538501852551,3060.0,0.0,33,6
7,7,46.71616871704745,182.50087873462215,1367.9391215451037,1.508907355000762,0.18605445269630655,147.25179471816801,3570.0,0.0,31,6
7,7,94.81075268817204,243.0,1117.91158439099,1.3226724332167046,0.05806853578936539,153.26207205360345,2550.0,0.0,44,6
7,7,88.59406952965236,222.73517382413087,1175.6102468111699,1.4424898946316813,0.1400318623476068,138.83740644855843,3060.0,0.0,34,6
7,7,140.33230611196714,154.4894709809964,1170.200997209278,1.4539675277146633,0.22484330942139627,139.43843418210196,3315.0,0.0,42,6
7,7,140.0,75.0,1042.1820899645033,1.269825479113112,0.17162162150566102,152.66104432005991,2295.0,0.0,36,6
7,7,136.51889848812095,85.18682505399568,1113.1033625226414,1.418978125302287,0.032623531913529014,141.24151738273258,2550.0,0.0,41,6
7,7,142.6283412669352,224.80995972171365,1641.4067403074157,1.6376206941469096,0.13686066104676248,140.0394619156455,4845.0,0.0,43,6
7,7,122.9233206590621,187.01584283903676,948.4217635317108,1.3075776033745152,0.26623680929716015,141.84254511627614,2295.0,0.0,38,6
7,7,109.46619929894842,223.49524286429644,1200.2523838864552,1.5034595391558823,0.169961888196287,139.43843418210196,3060.0,0.0,37,6
7,7,134.86616635397124,34.13383364602877,961.0433459361251,1.2790709574027919,0.1816073616896533,142.44357284981967,2040.0,0.0,40,6
8,8,194.14654854189737,304.18789221114804,1628.1841301694578,1.59964927865197,0.13158625891395148,142.44357284981967,4845.0,0.0,6,6
8,8,169.60386879730865,109.39613120269134,1429.243950366545,1.5433189798311784,0.1148874242867009,146.04973925108092,3825.0,0.0,25,6
8,8,174.86616635397124,39.13383364602877,961.0433459361251,1.2790709574027919,0.1816073616896533,142.44357284981967,2040.0,0.0,1,6
8,8,178.89001501501502,302.29354354354354,1601.1378821599983,1.5845775102171196,0.07044194762272689,144.2466560504503,4590.0,0.0,10,6
8,8,181.51960784313727,172.51960784313727,1471.3158917145931,1.6067667367745788,0.13414757809443148,141.24151738273258,4080.0,0.0,2,6
8,8,182.50575815738964,18.505758157389636,1252.5417967047435,1.5094074799400725,0.1619186319759057,139.43843418210196,3060.0,0.0,3,6
8,8,189.00599041533548,198.12859424920129,1504.9734447930314,1.5637415195409061,0.19953364170393167,146.04973925108092,4080.0,0.0,4,6
8,8,189.12717086834735,152.04873949579832,1072.834504375224,1.6602115892284344,0.2826895227469269,109.38704750492481,2805.0,0.0,5,6
8,8,193.8664792691497,41.11806043569923,855.2624648324615,1.3769511168064357,0.18519554296258542,123.2106853764263,2040.0,0.0,7,6
8,8,221.4621497281472,12.138435800920117,1437.057310902611,1.52135227878653,0.14492441189296873,147.85282245171155,3825.0,0.0,13,6
8,8,222.32430875576037,133.88824884792626,1043.3841454315905,1.3429711197830834,0.07183183516007927,143.0446005833632,2295.0,0.0,12,6
8,8,230.99445676274945,95.79711751662971,1084.2540313125514,1.3289376915516422,0.274468408487953,147.25179471816801,2550.0,0.0,14,6
8,8,239.5,115.5,572.1784023334528,1.3565898917704575,0.2310391902320584,84.74491042963955,1020.0,0.0,16,6
8,8,246.19157392686805,85.19157392686805,756.092888797777,1.233475836451488,0.2147233013508553,122.60965764288275,1530.0,0.0,15,6
8,8,249.95271700776289,135.78122794636556,851.6562984312003,1.5086202551007366,0.2760549803896426,113.59424163972962,2040.0,0.0,17,6
8,8,256.7161687170474,280.5008787346221,1367.9391215451037,1.508907355000762,0.18605445269630655,147.25179471816801,3570.0,0.0,18,6
8,8,271.3456238361266,206.19702048417133,1613.7594645644128,1.8104805580354097,0.13436906896873724,115.39732484036024,6120.0,0.0,19,6
8,8,288.95530272247055,116.7184071515644,1479.1292522506592,1.6285496348111341,0.20750033004564178,140.64048964918905,4080.0,0.0,20,6
8,8,214.31728840754113,136.87204171680705,1498.3621397240524,1.5323755707042368,0.08064869308661875,148.4538501852551,4080.0,0.0,23,6
8,8,167.2796086508754,27.317198764160658,1167.1958585415603,1.7561133473009327,0.3617268550255233,102.77574243594584,2805.0,0.0,22,6
8,8,213.47695961995248,273.6897862232779,1265.1633791091579,1.4803543262058545,0.14505379494428833,143.0446005833632,3825.0,0.0,11,6
8,8,142.51960784313727,226.51960784313727,1471.3158917145931,1.6067667367745788,0.13414757809443148,141.24151738273258,4080.0,0.0,43,6
8,8,8.398926654740608,299.2361359570662,671.949006101681,1.2926100677001773,0.24855338552826153,103.97779790303292,1275.0,0.0,26,6
8,8,11.151975683890578,275.2905775075988,988.6906216791281,1.4283282467791192,0.2794630655419504,127.4178795112311,2295.0,0.0,27,6
8,8,41.172904191616766,195.7125748502994,1605.9461040283468,1.6097569273866974,0.09100095460465082,141.84254511627614,4590.0,0.0,28,6
8,8,160.23941605839417,49.417518248175185,1235.1119924319808,1.4441761557567856,0.2595718544055223,148.4538501852551,3060.0,0.0,45,6
8,8,46.707929264118654,181.84883057615517,1053.6016169018308,1.343255532274384,0.16409493655227828,142.44357284981967,2805.0,0.0,31,6
8,8,62.50215703192407,160.7679033649698,696.5911431769663,1.3273521294601514,0.12793374340442512,110.5891029720119,2295.0,0.0,35,6
8,8,68.55497382198953,126.24969794603302,1492.351862388617,1.5739267034462514,0.15604909213595008,144.2466560504503,4080.0,0.0,32,6
8,8,43.02132895816243,73.08859721082855,732.6528071895788,1.2764028618706684,0.1916201826648909,117.80143577453441,1785.0,0.0,30,6
8,8,88.52892960462874,224.0,1246.531519369308,1.4553794071996056,0.07049808425260097,148.4538501852551,3060.0,0.0,34,6
8,8,94.81075268817204,244.0,1117.91158439099,1.3226724332167046,0.05806853578936539,153.26207205360345,2550.0,0.0,44,6
8,8,108.86616635397124,225.13383364602876,961.0433459361251,1.2790709574027919,0.1816073616896533,142.44357284981967,2040.0,0.0,37,6
8,8,121.43180621379673,187.34491837809372,1141.351665999188,1.5271804567391583,0.1781272043232345,134.63021231375362,3315.0,0.0,38,6
8,8,132.51891891891893,35.00756756756757,1111.9013070555543,1.4184117497722204,0.10261405220622524,141.24151738273258,2550.0,0.0,40,6
8,8,136.32430875576037,85.88824884792626,1043.3841454315905,1.3429711197830834,0.07183183516007927,143.0446005833632,2295.0,0.0,41,6
8,8,138.97285067873304,153.87201034259857,929.7899037918609,1.3539666162544335,0.2783314764331476,137.03432324792777,2550.0,0.0,42,6
8,8,141.13383364602876,76.86616635397124,961.0433459361251,1.2790709574027919,0.18160736168965327,142.44357284981967,2040.0,0.0,36,6
8,8,73.50087873462215,305.2838312829526,1367.9391215451037,1.508907355000762,0.09539592123664219,147.25179471816801,3570.0,0.0,33,6
9,9,192.09756097560975,42.23170731707317,689.9798586693975,1.300629705435802,0.266998653744701,112.99321727338564,1530.0,0.0,7,6
9,9,189.95530272247055,197.7184071515644,1479.1292963287344,1.6285496348111341,0.20750033004564178,140.64049384027786,4080.0,0.0,4,6
9,9,187.84852374839537,152.1367137355584,936.4012367656107,1.2905800707926207,0.18964264615062867,137.63535508300697,2040.0,0.0,5,6
9,9,168.19266424828697,109.30995566303909,1491.1498513578179,1.560934826715299,0.060491894846460045,145.4487158519113,4080.0,0.0,25,6
9,9,180.71176470588236,17.288235294117648,1123.9218952193146,1.3901871531760086,0.15117295844389894,143.64563259754877,2550.0,0.0,3,6
9,9,178.60386879730865,302.3961312026913,1429.2439929580376,1.5433189798311784,0.1148874242867009,146.04974360336547,3825.0,0.0,10,6
9,9,175.86616635397124,39.13383364602877,961.0433745752321,1.2790709574027919,0.1816073616896533,142.4435770946404,2040.0,0.0,1,6
9,9,181.6279725916969,172.74889157597744,1491.1498513578179,1.5512213856128299,0.17835512297903977,146.04974360336547,4080.0,0.0,2,6
9,9,193.75265768958187,303.74946846208366,1696.1003146036928,1.657724653746807,0.0929294284409812,138.23638283446115,5100.0,0.0,6,6
9,9,271.6057692307692,206.26368343195267,1625.1790399320998,1.8212462408533574,0.13188449149069278,111.79116177047727,6120.0,0.0,19,6
9,9,214.4035532994924,273.43248730964467,1184.0246703647324,1.4417628803120455,0.15173428124243019,142.4435770946404,3570.0,0.0,11,6
9,9,221.47116165718927,12.999593826157597,1479.7303240801884,1.5588900214917079,0.1747639878988223,146.04974360336547,4080.0,0.0,13,6
9,9,223.86616635397124,134.13383364602876,961.0433745752321,1.2790709574027919,0.1816073616896533,142.4435770946404,2040.0,0.0,12,6
9,9,229.00756756756758,94.51891891891891,1111.901340190231,1.4184117497722204,0.3249657361862355,141.24152159173204,2550.0,0.0,14,6
9,9,240.5,116.5,572.1784193843783,1.3565898917704575,0.2310391902320584,84.74491295503923,1020.0,0.0,16,6
9,9,244.76386404293382,87.3989266547406,671.9490261257721,1.2926100677001773,0.18823490281510716,103.97780100157296,1275.0,0.0,15,6
9,9,248.39547413793105,135.1842672413793,557.7537533494781,1.3771534860493695,0.2773380479096263,88.35107946376431,1275.0,0.0,17,6
9,9,258.5008787346221,281.2838312829526,1367.9391623097113,1.508907355000762,0.09539592123664219,147.25179910627384,3570.0,0.0,18,6
9,9,165.03276897870018,27.330966684871655,1100.4818129126015,1.6153956183619687,0.24403860714894518,110.58910626756892,2550.0,0.0,22,6
9,9,213.51960784313727,137.51960784313727,1471.31593555983,1.6067667367745788,0.13414757809443148,141.24152159173204,4080.0,0.0,23,6
9,9,95.13383364602876,244.13383364602876,961.0433745752321,1.2790709574027919,0.18160736168965333,142.4435770946404,2040.0,0.0,44,6
9,9,161.18934911242604,50.0,1117.3105899533186,1.3230281337564727,0.057445482830252026,152.66104886936145,2550.0,0.0,45,6
9,9,288.7128547579299,117.59766277128547,1440.0624924842127,1.6804383719344733,0.22724707521144255,132.22610531991936,3825.0,0.0,20,6
9,9,5.5,299.5,572.1784193843783,1.3565898917704575,0.2310391902320584,84.74491295503923,1020.0,0.0,26,6
9,9,12.017015706806284,275.46465968586386,918.3704042219854,1.3762191168529898,0.2284562210181573,123.21068904810667,2040.0,0.0,27,6
9,9,40.25591882750845,197.06125516723037,1599.33484661957,1.582979746511453,0.06769590809729467,144.24666034900295,4590.0,0.0,28,6
9,9,43.48928121059269,74.63303909205548,476.6150069031639,1.2921335377758543,0.17863556666010894,79.33566319195162,1020.0,0.0,30,6
9,9,46.505758157389636,181.50575815738964,1252.5418340305089,1.5094074799400725,0.1619186319759057,139.43843833736952,3060.0,0.0,31,6
9,9,61.850590687977764,160.17442668519806,864.8789343425635,1.4776537945752566,0.27169714384813276,123.21068904810667,2550.0,0.0,35,6
9,9,68.86156419907988,127.53785027185278,1437.0573537269418,1.52135227878653,0.11099617286096825,147.85282685772802,3825.0,0.0,32,6
9,9,86.81680584551148,226.821503131524,1151.5691717862069,1.3682578106211118,0.15825920379562256,147.25179910627384,2805.0,0.0,34,6
9,9,110.47348767737117,225.05899925317402,804.7761591971456,1.33292874120345,0.07552393952259939,123.21068904810667,2040.0,0.0,37,6
9,9,121.9753829321663,186.79048140043764,1098.678729658239,1.3093670276622604,0.269328437279515,153.26207662081563,2550.0,0.0,38,6
9,9,132.98857868020303,34.02284263959391,947.219736291786,1.4092695303372793,0.23841658571323385,128.6199388111943,2295.0,0.0,40,6
9,9,136.0,85.68512110726644,868.4851008512885,1.274992367166243,0.18447712403228983,132.82713307137354,1785.0,0.0,41,6
9,9,138.9963133640553,151.56866359447005,652.1151103277841,1.3253988183372467,0.14106116334231472,102.77574549866459,1530.0,0.0,42,6
9,9,140.67569124423963,76.11175115207374,1043.3841765244547,1.3429711197830834,0.07183183516007931,143.0446048460946,2295.0,0.0,36,6
9,9,142.10942956926658,226.5805199844781,1548.8485154974192,1.5861008633682943,0.03920128526213523,143.64563259754877,4335.0,0.0,43,6
9,9,72.66086065573771,302.91752049180326,1173.2061708385572,1.3910206772690923,0.06014844449946639,150.25693786354472,2805.0,0.0,33,6
